Price,Transport ETF
Ticker,IYT
Date,
2020-01-02,46.19843673706055
2020-01-03,45.87971878051758
2020-01-06,45.60554122924805
2020-01-07,45.7649040222168
2020-01-08,46.142189025878906
2020-01-09,46.35074996948242
2020-01-10,46.118751525878906
2020-01-13,46.50542068481445
2020-01-14,46.931922912597656
2020-01-15,47.05143356323242
2020-01-16,47.53184127807617
2020-01-17,47.402957916259766
2020-01-21,46.54058074951172
2020-01-22,46.26873016357422
2020-01-23,46.833499908447266
2020-01-24,46.50542068481445
2020-01-27,45.37822723388672
2020-01-28,45.63600158691406
2020-01-29,45.8234748840332
2020-01-30,45.5516471862793
2020-01-31,44.417423248291016
2020-02-03,44.49006652832031
2020-02-04,45.305580139160156
2020-02-05,45.917213439941406
2020-02-06,45.734432220458984
2020-02-07,45.70396423339844
2020-02-10,45.7297477722168
2020-02-11,45.85395431518555
2020-02-12,46.28513717651367
2020-02-13,46.2382698059082
2020-02-14,45.696937561035156
2020-02-18,45.72270965576172
2020-02-19,46.06953048706055
2020-02-20,46.437461853027344
2020-02-21,45.91018295288086
2020-02-24,44.28620147705078
2020-02-25,42.390342712402344
2020-02-26,41.45063781738281
2020-02-27,40.007083892822266
2020-02-28,39.540740966796875
2020-03-02,39.92741775512695
2020-03-03,38.78380584716797
2020-03-04,40.16643524169922
2020-03-05,38.029232025146484
2020-03-06,37.759727478027344
2020-03-09,34.10162353515625
2020-03-10,35.90841293334961
2020-03-11,34.3101921081543
2020-03-12,30.670846939086914
2020-03-13,33.41265869140625
2020-03-16,29.714725494384766
2020-03-17,31.70195770263672
2020-03-18,29.260103225708008
2020-03-19,29.806121826171875
2020-03-20,28.835939407348633
2020-03-23,28.151655197143555
2020-03-24,31.8144474029541
2020-03-25,32.66780471801758
2020-03-26,33.962345123291016
2020-03-27,32.47208786010742
2020-03-30,32.83522415161133
2020-03-31,32.59470748901367
2020-04-01,31.026634216308594
2020-04-02,31.42042350769043
2020-04-03,30.81441307067871
2020-04-06,33.06866455078125
2020-04-07,33.21015167236328
2020-04-08,34.346702575683594
2020-04-09,34.76407241821289
2020-04-13,33.95763397216797
2020-04-14,34.49055099487305
2020-04-15,33.761905670166016
2020-04-16,33.67231750488281
2020-04-17,34.728702545166016
2020-04-20,33.62751388549805
2020-04-21,33.085174560546875
2020-04-22,33.042720794677734
2020-04-23,33.51433181762695
2020-04-24,34.136837005615234
2020-04-27,35.11069107055664
2020-04-28,35.43375015258789
2020-04-29,36.4075927734375
2020-04-30,35.351219177246094
2020-05-01,34.13920211791992
2020-05-04,33.32568359375
2020-05-05,33.60393524169922
2020-05-06,33.1252555847168
2020-05-07,33.653446197509766
2020-05-08,34.8065185546875
2020-05-11,34.400936126708984
2020-05-12,33.420005798339844
2020-05-13,32.689022064208984
2020-05-14,32.83757400512695
2020-05-15,32.43672561645508
2020-05-18,34.787662506103516
2020-05-19,34.417442321777344
2020-05-20,35.4691047668457
2020-05-21,35.353572845458984
2020-05-22,35.440818786621094
2020-05-26,37.21875
2020-05-27,38.28456497192383
2020-05-28,37.70686340332031
2020-05-29,37.57481002807617
2020-06-01,37.54888153076172
2020-06-02,38.26571273803711
2020-06-03,39.54375076293945
2020-06-04,40.09315872192383
2020-06-05,41.34526443481445
2020-06-08,42.1092529296875
2020-06-09,41.18963623046875
2020-06-10,40.133243560791016
2020-06-11,37.004180908203125
2020-06-12,38.05821228027344
2020-06-15,38.33060073852539
2020-06-16,38.834228515625
2020-06-17,38.69709014892578
2020-06-18,38.58123016357422
2020-06-19,38.02084732055664
2020-06-22,37.97592544555664
2020-06-23,38.479549407958984
2020-06-24,37.25947952270508
2020-06-25,37.713470458984375
2020-06-26,36.921348571777344
2020-06-29,37.9333610534668
2020-06-30,38.45591354370117
2020-07-01,38.34241485595703
2020-07-02,38.69709014892578
2020-07-06,39.34968185424805
2020-07-07,38.895694732666016
2020-07-08,39.056495666503906
2020-07-09,38.31169128417969
2020-07-10,39.00919723510742
2020-07-13,38.98792266845703
2020-07-14,39.673622131347656
2020-07-15,40.78255844116211
2020-07-16,41.014286041259766
2020-07-17,41.494266510009766
2020-07-20,40.83457946777344
2020-07-21,41.108856201171875
2020-07-22,41.059200286865234
2020-07-23,40.93625259399414
2020-07-24,40.76127624511719
2020-07-27,41.14196014404297
2020-07-28,40.600486755371094
2020-07-29,41.52029037475586
2020-07-30,41.484806060791016
2020-07-31,41.89149475097656
2020-08-03,41.917510986328125
2020-08-04,42.17050552368164
2020-08-05,42.70960998535156
2020-08-06,43.26289367675781
2020-08-07,44.286705017089844
2020-08-10,45.47842025756836
2020-08-11,45.60374069213867
2020-08-12,45.811805725097656
2020-08-13,45.57300567626953
2020-08-14,45.90874481201172
2020-08-17,45.8661994934082
2020-08-18,45.464229583740234
2020-08-19,45.591915130615234
2020-08-20,45.61083221435547
2020-08-21,45.85200500488281
2020-08-24,46.71031188964844
2020-08-25,46.625179290771484
2020-08-26,46.589725494384766
2020-08-27,46.92548370361328
2020-08-28,47.4835090637207
2020-08-31,46.8521842956543
2020-09-01,47.431480407714844
2020-09-02,48.034423828125
2020-09-03,46.826171875
2020-09-04,47.036617279052734
2020-09-08,46.4620361328125
2020-09-09,47.183204650878906
2020-09-10,46.911293029785156
2020-09-11,47.31325912475586
2020-09-14,47.779056549072266
2020-09-15,48.119537353515625
2020-09-16,48.53096008300781
2020-09-17,48.50731658935547
2020-09-18,47.89018630981445
2020-09-21,46.693756103515625
2020-09-22,47.057891845703125
2020-09-23,46.55043029785156
2020-09-24,46.59543991088867
2020-09-25,47.26826858520508
2020-09-28,47.964778900146484
2020-09-29,47.39146041870117
2020-09-30,47.12849044799805
2020-10-01,47.04320526123047
2020-10-02,47.37487030029297
2020-10-05,48.18036651611328
2020-10-06,47.76577377319336
2020-10-07,49.040348052978516
2020-10-08,49.31753921508789
2020-10-09,49.720279693603516
2020-10-12,49.80793762207031
2020-10-13,49.41940689086914
2020-10-14,49.86952590942383
2020-10-15,50.29834747314453
2020-10-16,49.639732360839844
2020-10-19,49.07588577270508
2020-10-20,49.74160385131836
2020-10-21,49.17538833618164
2020-10-22,49.239356994628906
2020-10-23,49.83636474609375
2020-10-26,48.62100601196289
2020-10-27,47.91739273071289
2020-10-28,45.872867584228516
2020-10-29,46.89157485961914
2020-10-30,46.578857421875
2020-11-02,46.87025451660156
2020-11-03,48.28935241699219
2020-11-04,47.5667724609375
2020-11-05,48.78923416137695
2020-11-06,48.50019073486328
2020-11-09,49.68474197387695
2020-11-10,50.57789611816406
2020-11-11,50.15619659423828
2020-11-12,49.47627258300781
2020-11-13,50.56368637084961
2020-11-16,51.83588790893555
2020-11-17,52.006465911865234
2020-11-18,51.66058349609375
2020-11-19,51.63925552368164
2020-11-20,51.15358352661133
2020-11-23,51.935386657714844
2020-11-24,53.193382263183594
2020-11-25,52.826168060302734
2020-11-27,52.54188537597656
2020-11-30,52.07752990722656
2020-12-01,52.32155990600586
2020-12-02,52.530029296875
2020-12-03,52.67928695678711
2020-12-04,53.318946838378906
2020-12-07,53.23366165161133
2020-12-08,53.48240280151367
2020-12-09,53.66010284423828
2020-12-10,53.12940979003906
2020-12-11,53.08440399169922
2020-12-14,51.856056213378906
2020-12-15,52.30221176147461
2020-12-16,52.30695724487305
2020-12-17,52.91685485839844
2020-12-18,52.558502197265625
2020-12-21,52.29745864868164
2020-12-22,52.188289642333984
2020-12-23,52.37815856933594
2020-12-24,52.38764572143555
2020-12-28,52.461212158203125
2020-12-29,52.100486755371094
2020-12-30,52.23101043701172
2020-12-31,52.337806701660156
2021-01-04,51.26987075805664
2021-01-05,51.777740478515625
2021-01-06,53.16366195678711
2021-01-07,53.64542007446289
2021-01-08,53.932579040527344
2021-01-11,53.913578033447266
2021-01-12,54.670623779296875
2021-01-13,54.33126449584961
2021-01-14,54.92930221557617
2021-01-15,54.22210693359375
2021-01-19,54.027503967285156
2021-01-20,54.92218017578125
2021-01-21,54.01326370239258
2021-01-22,53.85425567626953
2021-01-25,53.80442428588867
2021-01-26,52.950077056884766
2021-01-27,51.3624267578125
2021-01-28,51.97946548461914
2021-01-29,50.57691192626953
2021-02-01,51.286495208740234
2021-02-02,52.34255599975586
2021-02-03,52.337806701660156
2021-02-04,53.11619567871094
2021-02-05,53.476924896240234
2021-02-08,53.756961822509766
2021-02-09,54.188873291015625
2021-02-10,54.167518615722656
2021-02-11,54.14377975463867
2021-02-12,55.06219482421875
2021-02-16,55.12865447998047
2021-02-17,54.703857421875
2021-02-18,54.549591064453125
2021-02-19,55.553436279296875
2021-02-22,55.940277099609375
2021-02-23,56.01622009277344
2021-02-24,56.941741943359375
2021-02-25,55.91891860961914
2021-02-26,55.77652359008789
2021-03-01,56.974979400634766
2021-03-02,56.785118103027344
2021-03-03,56.694950103759766
2021-03-04,55.244930267333984
2021-03-05,57.06277084350586
2021-03-08,57.48283004760742
2021-03-09,57.74625015258789
2021-03-10,58.10222244262695
2021-03-11,58.64568328857422
2021-03-12,59.284053802490234
2021-03-15,59.61155700683594
2021-03-16,58.70500946044922
2021-03-17,59.26033401489258
2021-03-18,59.22710418701172
2021-03-19,59.3481330871582
2021-03-22,59.319664001464844
2021-03-23,58.22325134277344
2021-03-24,58.77619934082031
2021-03-25,59.80419921875
2021-03-26,61.15580368041992
2021-03-29,60.7774543762207
2021-03-30,61.61030960083008
