Price,Crude Oil
Ticker,CL=F
Date,
2020-01-02,61.18000030517578
2020-01-03,63.04999923706055
2020-01-06,63.27000045776367
2020-01-07,62.70000076293945
2020-01-08,59.61000061035156
2020-01-09,59.560001373291016
2020-01-10,59.040000915527344
2020-01-13,58.08000183105469
2020-01-14,58.22999954223633
2020-01-15,57.810001373291016
2020-01-16,58.52000045776367
2020-01-17,58.540000915527344
2020-01-21,58.34000015258789
2020-01-22,56.7400016784668
2020-01-23,55.59000015258789
2020-01-24,54.189998626708984
2020-01-27,53.13999938964844
2020-01-28,53.47999954223633
2020-01-29,53.33000183105469
2020-01-30,52.13999938964844
2020-01-31,51.560001373291016
2020-02-03,50.11000061035156
2020-02-04,49.61000061035156
2020-02-05,50.75
2020-02-06,50.95000076293945
2020-02-07,50.31999969482422
2020-02-10,49.56999969482422
2020-02-11,49.939998626708984
2020-02-12,51.16999816894531
2020-02-13,51.41999816894531
2020-02-14,52.04999923706055
2020-02-18,52.04999923706055
2020-02-19,53.290000915527344
2020-02-20,53.779998779296875
2020-02-21,53.380001068115234
2020-02-24,51.43000030517578
2020-02-25,49.900001525878906
2020-02-26,48.72999954223633
2020-02-27,47.09000015258789
2020-02-28,44.7599983215332
2020-03-02,46.75
2020-03-03,47.18000030517578
2020-03-04,46.779998779296875
2020-03-05,45.900001525878906
2020-03-06,41.279998779296875
2020-03-09,31.1299991607666
2020-03-10,34.36000061035156
2020-03-11,32.97999954223633
2020-03-12,31.5
2020-03-13,31.729999542236328
2020-03-16,28.700000762939453
2020-03-17,26.950000762939453
2020-03-18,20.3700008392334
2020-03-19,25.219999313354492
2020-03-20,22.43000030517578
2020-03-23,23.360000610351562
2020-03-24,24.010000228881836
2020-03-25,24.489999771118164
2020-03-26,22.600000381469727
2020-03-27,21.510000228881836
2020-03-30,20.09000015258789
2020-03-31,20.479999542236328
2020-04-01,20.309999465942383
2020-04-02,25.31999969482422
2020-04-03,28.34000015258789
2020-04-06,26.079999923706055
2020-04-07,23.6299991607666
2020-04-08,25.09000015258789
2020-04-09,22.760000228881836
2020-04-13,22.40999984741211
2020-04-14,20.110000610351562
2020-04-15,19.8700008392334
2020-04-16,19.8700008392334
2020-04-17,18.270000457763672
2020-04-20,-37.630001068115234
2020-04-21,10.010000228881836
2020-04-22,13.779999732971191
2020-04-23,16.5
2020-04-24,16.940000534057617
2020-04-27,12.779999732971191
2020-04-28,12.34000015258789
2020-04-29,15.0600004196167
2020-04-30,18.84000015258789
2020-05-01,19.780000686645508
2020-05-04,20.389999389648438
2020-05-05,24.559999465942383
2020-05-06,23.989999771118164
2020-05-07,23.549999237060547
2020-05-08,24.739999771118164
2020-05-11,24.139999389648438
2020-05-12,25.780000686645508
2020-05-13,25.290000915527344
2020-05-14,27.559999465942383
2020-05-15,29.43000030517578
2020-05-18,31.81999969482422
2020-05-19,32.5
2020-05-20,33.4900016784668
2020-05-21,33.91999816894531
2020-05-22,33.25
2020-05-26,34.349998474121094
2020-05-27,32.810001373291016
2020-05-28,33.709999084472656
2020-05-29,35.4900016784668
2020-06-01,35.439998626708984
2020-06-02,36.810001373291016
2020-06-03,37.290000915527344
2020-06-04,37.40999984741211
2020-06-05,39.54999923706055
2020-06-08,38.189998626708984
2020-06-09,38.939998626708984
2020-06-10,39.599998474121094
2020-06-11,36.34000015258789
2020-06-12,36.2599983215332
2020-06-15,37.119998931884766
2020-06-16,38.380001068115234
2020-06-17,37.959999084472656
2020-06-18,38.84000015258789
2020-06-19,39.75
2020-06-22,40.459999084472656
2020-06-23,40.369998931884766
2020-06-24,38.0099983215332
2020-06-25,38.720001220703125
2020-06-26,38.4900016784668
2020-06-29,39.70000076293945
2020-06-30,39.27000045776367
2020-07-01,39.81999969482422
2020-07-02,40.650001525878906
2020-07-06,40.630001068115234
2020-07-07,40.619998931884766
2020-07-08,40.900001525878906
2020-07-09,39.619998931884766
2020-07-10,40.54999923706055
2020-07-13,40.099998474121094
2020-07-14,40.290000915527344
2020-07-15,41.20000076293945
2020-07-16,40.75
2020-07-17,40.59000015258789
2020-07-20,40.810001373291016
2020-07-21,41.959999084472656
2020-07-22,41.900001525878906
2020-07-23,41.06999969482422
2020-07-24,41.290000915527344
2020-07-27,41.599998474121094
2020-07-28,41.040000915527344
2020-07-29,41.27000045776367
2020-07-30,39.91999816894531
2020-07-31,40.27000045776367
2020-08-03,41.0099983215332
2020-08-04,41.70000076293945
2020-08-05,42.189998626708984
2020-08-06,41.95000076293945
2020-08-07,41.220001220703125
2020-08-10,41.939998626708984
2020-08-11,41.61000061035156
2020-08-12,42.66999816894531
2020-08-13,42.2400016784668
2020-08-14,42.0099983215332
2020-08-17,42.88999938964844
2020-08-18,42.88999938964844
2020-08-19,42.93000030517578
2020-08-20,42.58000183105469
2020-08-21,42.34000015258789
2020-08-24,42.619998931884766
2020-08-25,43.349998474121094
2020-08-26,43.38999938964844
2020-08-27,43.040000915527344
2020-08-28,42.970001220703125
2020-08-31,42.61000061035156
2020-09-01,42.7599983215332
2020-09-02,41.5099983215332
2020-09-03,41.369998931884766
2020-09-04,39.77000045776367
2020-09-08,36.7599983215332
2020-09-09,38.04999923706055
2020-09-10,37.29999923706055
2020-09-11,37.33000183105469
2020-09-14,37.2599983215332
2020-09-15,38.279998779296875
2020-09-16,40.15999984741211
2020-09-17,40.970001220703125
2020-09-18,41.11000061035156
2020-09-21,39.310001373291016
2020-09-22,39.599998474121094
2020-09-23,39.93000030517578
2020-09-24,40.310001373291016
2020-09-25,40.25
2020-09-28,40.599998474121094
2020-09-29,39.290000915527344
2020-09-30,40.220001220703125
2020-10-01,38.720001220703125
2020-10-02,37.04999923706055
2020-10-05,39.220001220703125
2020-10-06,40.66999816894531
2020-10-07,39.95000076293945
2020-10-08,41.189998626708984
2020-10-09,40.599998474121094
2020-10-12,39.43000030517578
2020-10-13,40.20000076293945
2020-10-14,41.040000915527344
2020-10-15,40.959999084472656
2020-10-16,40.880001068115234
2020-10-19,40.83000183105469
2020-10-20,41.459999084472656
2020-10-21,40.029998779296875
2020-10-22,40.63999938964844
2020-10-23,39.849998474121094
2020-10-26,38.560001373291016
2020-10-27,39.56999969482422
2020-10-28,37.38999938964844
2020-10-29,36.16999816894531
2020-10-30,35.790000915527344
2020-11-02,36.810001373291016
2020-11-03,37.65999984741211
2020-11-04,39.150001525878906
2020-11-05,38.790000915527344
2020-11-06,37.13999938964844
2020-11-09,40.290000915527344
2020-11-10,41.36000061035156
2020-11-11,41.45000076293945
2020-11-12,41.119998931884766
2020-11-13,40.130001068115234
2020-11-16,41.34000015258789
2020-11-17,41.43000030517578
2020-11-18,41.81999969482422
2020-11-19,41.7400016784668
2020-11-20,42.150001525878906
2020-11-23,43.060001373291016
2020-11-24,44.90999984741211
2020-11-25,45.709999084472656
2020-11-27,45.529998779296875
2020-11-30,45.34000015258789
2020-12-01,44.54999923706055
2020-12-02,45.279998779296875
2020-12-03,45.63999938964844
2020-12-04,46.2599983215332
2020-12-07,45.7599983215332
2020-12-08,45.599998474121094
2020-12-09,45.52000045776367
2020-12-10,46.779998779296875
2020-12-11,46.56999969482422
2020-12-14,46.9900016784668
2020-12-15,47.619998931884766
2020-12-16,47.81999969482422
2020-12-17,48.36000061035156
2020-12-18,49.099998474121094
2020-12-21,47.7400016784668
2020-12-22,47.02000045776367
2020-12-23,48.119998931884766
2020-12-24,48.22999954223633
2020-12-28,47.619998931884766
2020-12-29,48.0
2020-12-30,48.400001525878906
2020-12-31,48.52000045776367
2021-01-04,47.619998931884766
2021-01-05,49.93000030517578
2021-01-06,50.630001068115234
2021-01-07,50.83000183105469
2021-01-08,52.2400016784668
2021-01-11,52.25
2021-01-12,53.209999084472656
2021-01-13,52.90999984741211
2021-01-14,53.56999969482422
2021-01-15,52.36000061035156
2021-01-19,52.97999954223633
2021-01-20,53.2400016784668
2021-01-21,53.130001068115234
2021-01-22,52.27000045776367
2021-01-25,52.77000045776367
2021-01-26,52.61000061035156
2021-01-27,52.849998474121094
2021-01-28,52.34000015258789
2021-01-29,52.20000076293945
2021-02-01,53.54999923706055
2021-02-02,54.7599983215332
2021-02-03,55.689998626708984
2021-02-04,56.22999954223633
2021-02-05,56.849998474121094
2021-02-08,57.970001220703125
2021-02-09,58.36000061035156
2021-02-10,58.68000030517578
2021-02-11,58.2400016784668
2021-02-12,59.470001220703125
2021-02-16,60.04999923706055
2021-02-17,61.13999938964844
2021-02-18,60.52000045776367
2021-02-19,59.2400016784668
2021-02-22,61.4900016784668
2021-02-23,61.66999816894531
2021-02-24,63.220001220703125
2021-02-25,63.529998779296875
2021-02-26,61.5
2021-03-01,60.63999938964844
2021-03-02,59.75
2021-03-03,61.279998779296875
2021-03-04,63.83000183105469
2021-03-05,66.08999633789062
2021-03-08,65.05000305175781
2021-03-09,64.01000213623047
2021-03-10,64.44000244140625
2021-03-11,66.0199966430664
2021-03-12,65.61000061035156
2021-03-15,65.38999938964844
2021-03-16,64.80000305175781
2021-03-17,64.5999984741211
2021-03-18,60.0
2021-03-19,61.41999816894531
2021-03-22,61.54999923706055
2021-03-23,57.7599983215332
2021-03-24,61.18000030517578
2021-03-25,58.560001373291016
2021-03-26,60.970001220703125
2021-03-29,61.560001373291016
2021-03-30,60.54999923706055
